beta,alpha,Cx,Cy,Cz,Cl,Cm,Cn
-4.0,-25.0,0.4293072768709293,0.0439512004449791,1.6258921514186033,-0.007328731817316405,0.19872222676208487,-0.016628408322560424
