pbar(rad),alpha(deg),Cx_pbar,Cy_pbar,Cz_pbar,Cl_pbar,Cm_pbar,Cn_pbar
-0.1058863402253694,-25.0,-1.6804414144921953e-12,-0.008723885465164435,-3.289341831552717e-11,-0.3213898487167413,-4.1195262118209896e-11,0.010862418991885175
-1e-12,-25.0,-1.6804414144921953e-12,-0.008723885465164435,-3.289341831552717e-11,-0.3213898487167413,-4.1195262118209896e-11,0.010862418991885175
0.0,-25.0,-1.6804414144921953e-12,-0.008723885465164435,-3.289341831552717e-11,-0.3213898487167413,-4.1195262118209896e-11,0.010862418991885175
0.1058863402253694,-25.0,-1.6804414144921953e-12,-0.008723885465164435,-3.289341831552717e-11,-0.3213898487167413,-4.1195262118209896e-11,0.010862418991885175
