pbar(rad),alpha(deg),Cx_pbar,Cy_pbar,Cz_pbar,Cl_pbar,Cm_pbar,Cn_pbar
-0.1058863402253694,-25.0,-0.00592823470135519,-0.5078507717152707,-0.004737396192659363,-0.41351771333629916,-0.0004498681329857223,0.2637409785689325
-1e-12,-25.0,5.764454469314728e-13,-0.5078446226992573,6.587947964931118e-13,-0.4135121858078714,-2.882227234657364e-13,0.263737767071191
0.0,-25.0,-2.470480486849169e-13,-0.5078446226992535,-3.293973982465559e-13,-0.4135121858080519,4.940960973698338e-13,0.2637377670713896
0.1058863402253694,-25.0,0.005928234702013985,-0.5078507717150551,0.004737396193647555,-0.4135177133361113,0.0004498681329857223,0.2637409785687572
